{"cameraMode":{"drawMode":0,"name":"Shaded","section":"Shading Mode"},"sceneLighting":false,"audioPlay":false,"sceneViewState":{"m_AlwaysRefresh":false,"showFog":true,"showSkybox":false,"showFlares":true,"showImageEffects":true,"showParticleSystems":true,"showVisualEffectGraphs":true,"m_FxEnabled":true},"in2DMode":false,"pivot":{"x":0.46131831407546999,"y":-0.3127647638320923,"z":0.5770071148872376},"rotation":{"x":0.07994286715984345,"y":0.9182586669921875,"z":-0.24261528253555299,"w":0.30257079005241396},"size":1.756272554397583,"orthographic":false}